{
  "config": {
    "n": 12,
    "beta": 0.9,
    "seeds": [
      101,
      102,
      103,
      104,
      105,
      106,
      107,
      108,
      109,
      110,
      111,
      112
    ],
    "holdout_mode": "global",
    "train_m": 200,
    "sigma": 1.0,
    "K": 512,
    "q_eval": 1000,
    "holdout_k": 20,
    "holdout_pool": 400,
    "holdout_m_train": 5000,
    "iqp_steps": 400,
    "artr_epochs": 300,
    "maxent_steps": 2500,
    "kl_variant": "forward_kl_pstar_to_q_nats"
  },
  "best_model_by_mean_forward_kl": {
    "model_key": "iqp_parity_mse",
    "model_label": "IQP (parity)",
    "beta": 0.9,
    "seeds_n": 12,
    "KL_pstar_to_q_mean": 0.6681040056582958,
    "KL_pstar_to_q_std": 0.1628483176396665,
    "BSHS_mean": 0.6837156744226348,
    "BSHS_std": 0.019872708861896474
  }
}
