{
  "script": "experiment_6_ablation_n_sweep_all_baselines.py",
  "outdir": "plots/experiment_6_ablation_n_sweep_all_baselines",
  "beta": 0.9,
  "n_values": [
    8,
    9,
    10,
    11,
    12,
    13,
    14,
    15,
    16,
    17,
    18,
    19,
    20
  ],
  "seed_values": [
    111,
    112,
    113,
    114,
    115,
    116,
    117,
    118,
    119,
    120
  ],
  "seed_count": 10,
  "plot_center": "median",
  "plot_band": "iqr",
  "secondary_statistics": "mean_std_ci95",
  "transformer_variant": {
    "variant": "medium",
    "d_model": 32,
    "nhead": 4,
    "num_layers": 1,
    "dim_ff": 64
  },
  "models": {
    "iqp_parity_mse": {
      "best_n_by_median": 8,
      "best_median_kl": 0.22610935641586433,
      "mean_at_best_n": 0.23187784707513143,
      "ci95_at_best_n": 0.030190820784669965
    },
    "classical_nnn_fields_parity": {
      "best_n_by_median": 8,
      "best_median_kl": 0.8604598135979549,
      "mean_at_best_n": 0.8810545853031536,
      "ci95_at_best_n": 0.05332415147868598
    },
    "classical_dense_fields_xent": {
      "best_n_by_median": 8,
      "best_median_kl": 0.8613922779758463,
      "mean_at_best_n": 0.8580342808390162,
      "ci95_at_best_n": 0.021377131673230083
    },
    "classical_transformer_mle": {
      "best_n_by_median": 8,
      "best_median_kl": 0.5227507741800377,
      "mean_at_best_n": 0.4720853046849568,
      "ci95_at_best_n": 0.10021215609286586
    },
    "classical_maxent_parity": {
      "best_n_by_median": 8,
      "best_median_kl": 1.2184252950762928,
      "mean_at_best_n": 1.2789761094072734,
      "ci95_at_best_n": 0.2331402839210085
    }
  }
}
