n,model_key,q_holdout,R_Q10000,seed
12,d3pm_standard,0.029875000000000006,0.8552943274553761,101
