n,model_key,q_holdout,R_Q10000,seed
12,d3pm_standard,0.001275,0.35813217081412296,101
