{
  "config": {
    "n": 12,
    "beta": 0.9,
    "seeds": [
      101,
      102,
      103,
      104,
      105,
      106,
      107,
      108,
      109,
      110,
      111,
      112,
      113,
      114,
      115,
      116,
      117,
      118,
      119,
      120
    ],
    "holdout_mode": "global",
    "train_m": 200,
    "sigma": 1.0,
    "K": 512,
    "q_eval": 1000,
    "holdout_k": 20,
    "holdout_pool": 400,
    "holdout_m_train": 5000,
    "iqp_steps": 600,
    "artr_epochs": 600,
    "maxent_steps": 600,
    "kl_variant": "forward_kl_pstar_to_q_nats"
  },
  "best_model_by_mean_forward_kl": {
    "model_key": "iqp_parity_mse",
    "model_label": "IQP (parity)",
    "beta": 0.9,
    "seeds_n": 20,
    "KL_pstar_to_q_mean": 0.7056612866982614,
    "KL_pstar_to_q_std": 0.26657890043536303,
    "BSHS_mean": 0.673119012297718,
    "BSHS_std": 0.04261726479354082
  }
}
