{"arch": "B", "seed": 42, "params": 28, "holdout_probs": [0.0002529080579163227, 0.0013519813896937932, 0.0009778506530488372, 0.000387337844125928, 0.0009465156634817697, 0.005759132454134711, 0.006060406888032843, 0.0029711561737673013, 0.0007774046759668103, 7.917969049271208e-05, 0.001059596489710066, 0.0047320332635403745, 0.00039366576466449683, 0.0013546534768604293, 0.0009812258056164562, 0.011363912653909977, 0.0002304025153158571, 0.0010935760968959533, 0.0016071382742234254, 0.004290410295299882]}