{"arch": "A", "seed": 42, "params": 14, "holdout_probs": [0.0003107014042010704, 0.001413783934753223, 0.0075682763655500526, 0.002872760563624277, 0.015409786933599016, 0.009001503304917276, 0.0034164839008645853, 0.0004711334909240376, 0.0020156392210949376, 0.0007238169601031271, 0.023270556188254382, 0.013583171097580634, 0.0007933392572553065, 0.0006315394479993507, 0.004853509335494508, 0.0007506923293360478, 0.0003280665175768071, 0.011419428202338088, 0.00012303073569876145, 0.0005652032398380973]}