{"arch": "E", "seed": 42, "params": 91, "holdout_probs": [0.0005785010343816344, 0.0033862399991780273, 0.0014871753472561907, 0.0001686636525456176, 0.004103393311514123, 0.00246315275982289, 0.0032826383900961017, 0.0017692278345778508, 0.007567538720265056, 0.0011437064501718592, 0.006589062501357213, 0.0019748269729337525, 0.0002189931997486924, 0.0036897393712015513, 0.0007051731278993057, 0.009590636035560042, 0.0009316717522044695, 0.0036392553104640482, 0.0007195881520322196, 0.0012958753863225416]}