{"arch": "C", "seed": 42, "params": 28, "holdout_probs": [0.0003908707458088506, 0.0037567105186764867, 0.002996217768276681, 0.0008892723163164438, 0.0020155493567031286, 0.0056627532486891625, 0.004263412688105072, 0.0032016671706123294, 0.004562183168602034, 0.0001316390830107209, 0.0011832106619496356, 0.015752968987737356, 0.0003946318025555823, 0.0014317740397444105, 0.0022130645279284846, 0.00760832336679497, 0.00023665191399569992, 0.003097411290179396, 0.0003926898744531279, 0.005351900675389917]}