{"arch": "D", "seed": 42, "params": 42, "holdout_probs": [0.00037704447612761676, 6.350526823427807e-05, 0.0021330923525670867, 0.00094859966443298, 0.011489505745142068, 0.006429202976246725, 0.00045930976359555157, 3.669351658486153e-05, 0.0009293884419884384, 0.00020182966204342263, 0.013098806608458212, 0.00907442236746194, 0.0017954520500221317, 0.0027906697698421934, 0.0004887178017402612, 0.003982630163921785, 0.003155324770619273, 0.006653296388501625, 0.0009711417925937589, 0.0024260126778776]}