beta,model_key,model_label,qH,qH_ratio,Q80,Q80_pred,R_Q1000,R_Q10000,fit_tv_to_pstar,fit_kl_pstar_to_q,fit_js_dist_to_pstar,fit_prob_mse_to_pstar,holdout_size,p_star_holdout,sigma,K,seed,train_m
1.0,iqp_parity_mse,IQP (parity),0.12632553930940416,10.779779354402487,280.0,152.88480108449022,0.9246216865593104,0.999940096312271,0.5240300078712496,1.0235409280226226,0.45878150673844487,3.971859307959611e-05,12.0,0.5105780673651632,2.0,128.0,46.0,500.0
1.0,iqp_prob_mse,IQP (prob-MSE),0.025534653625848426,2.1789571094057325,2124.0,756.3546869364473,0.6595940653780612,0.9379844863093005,0.7019551910724573,2.4056945365396833,0.5918690766644783,5.0086257230960946e-05,12.0,0.5105780673651632,2.0,128.0,46.0,500.0
1.0,classical_nnn_fields_parity,Ising+fields (NN+NNN),0.06779863451004939,5.785483478190881,698.0,284.8620047996175,0.8655488654815003,0.9999257484264125,0.6819930972143895,1.6531856893264272,0.5948012268035174,4.18020169926164e-05,12.0,0.5105780673651632,2.0,128.0,46.0,500.0
1.0,classical_dense_fields_xent,Dense Ising+fields (xent),0.04622838500961755,3.944822187487364,446.0,417.77914035264683,0.9653616329929465,0.9999999998872909,0.6090590253748775,1.6273273810172175,0.5705929278696246,4.666460711774096e-05,12.0,0.5105780673651632,2.0,128.0,46.0,500.0
1.0,classical_transformer_mle,AR Transformer (MLE),0.014630856108055163,1.2484997212207072,12471.0,1320.0358753153275,0.4357836755706332,0.7795702670407668,0.5854172432326982,3.8146858335207705,0.5907092371033325,5.0375389912080465e-05,12.0,0.5105780673651632,2.0,128.0,46.0,500.0
1.0,classical_maxent_parity,"MaxEnt parity (P,z)",0.05415150113464406,4.62092809682296,389.0,356.65225422261324,0.9762579045503665,0.9999999999997357,0.6174399363592872,1.5214149514861774,0.5687483385511922,4.5517086968324054e-05,12.0,0.5105780673651632,2.0,128.0,46.0,500.0
