beta,model_key,model_label,qH,qH_ratio,Q80,Q80_pred,R_Q1000,R_Q10000,fit_tv_to_pstar,fit_kl_pstar_to_q,fit_js_dist_to_pstar,fit_prob_mse_to_pstar,holdout_size,p_star_holdout,sigma,K,seed,train_m
0.6,iqp_parity_mse,IQP (parity),0.06527165777988858,5.5698481305504925,648.0,295.8903696660816,0.8584451470570175,0.996867607623798,0.43479010013091407,0.7813112143519902,0.3835757117500969,5.186858429274284e-06,12.0,0.19936257384660594,2.0,128.0,46.0,500.0
0.6,iqp_prob_mse,IQP (prob-MSE),0.024413254892688377,2.083264417509408,1954.0,791.0970918913973,0.6667177898282445,0.9406144962059471,0.5014468780579987,1.1824852100291763,0.43874996517771936,6.462239765090634e-06,12.0,0.19936257384660594,2.0,128.0,46.0,500.0
0.6,classical_nnn_fields_parity,Ising+fields (NN+NNN),0.03414907619125208,2.9140545016535104,1592.0,565.5571717678458,0.698063004358127,0.993379339833492,0.6657076747630113,1.6085632007813282,0.5860513340166643,7.162337936315665e-06,12.0,0.19936257384660594,2.0,128.0,46.0,500.0
0.6,classical_dense_fields_xent,Dense Ising+fields (xent),0.02816627803795242,2.4035223925719396,773.0,685.6871512517812,0.8679970204927798,0.9999996448818296,0.5224622993420559,0.9544428196340996,0.5027789815983132,4.9575498122395005e-06,12.0,0.19936257384660594,2.0,128.0,46.0,500.0
0.6,classical_transformer_mle,AR Transformer (MLE),0.017390132714391025,1.483957991628034,2200.0,1110.5869786276398,0.6314853272284434,0.9637081287442464,0.5108640574936301,1.1720424507134508,0.5041885640478452,5.492842550183447e-06,12.0,0.19936257384660594,2.0,128.0,46.0,500.0
0.6,classical_maxent_parity,"MaxEnt parity (P,z)",0.032119198245998834,2.740838250325234,672.0,601.2994098199541,0.8983519259040308,0.9999999225512536,0.5240686640999194,0.942350796982686,0.5017162623976432,4.923880925906995e-06,12.0,0.19936257384660594,2.0,128.0,46.0,500.0
