beta,model_key,model_label,qH,qH_ratio,Q80,Q80_pred,R_Q1000,R_Q10000,fit_tv_to_pstar,fit_kl_pstar_to_q,fit_js_dist_to_pstar,fit_prob_mse_to_pstar,holdout_size,p_star_holdout,sigma,K,seed,train_m
0.8,iqp_parity_mse,IQP (parity),0.08295768345532324,7.07905565485425,381.0,232.80851326580657,0.9114142437111248,0.9991684291095586,0.49308847217643287,0.9485958596332873,0.4275503815514058,1.5246556208857966e-05,12.0,0.3404153654878613,2.0,128.0,46.0,500.0
0.8,iqp_prob_mse,IQP (prob-MSE),0.02416784093569435,2.062322426512585,1985.0,799.1303402152388,0.6627271006776654,0.955236574162751,0.6017844425584562,1.7003026015249811,0.5157004491966755,1.856498741668199e-05,12.0,0.3404153654878613,2.0,128.0,46.0,500.0
0.8,classical_nnn_fields_parity,Ising+fields (NN+NNN),0.04116852319125979,3.5130473123208357,975.0,469.1267369364726,0.8050601771767916,0.9931950860726305,0.621613944461963,1.4987917141078708,0.5679042489953792,1.6847754316194678e-05,12.0,0.3404153654878613,2.0,128.0,46.0,500.0
0.8,classical_dense_fields_xent,Dense Ising+fields (xent),0.03278410862448257,2.7975772692891794,663.0,589.1041653878129,0.8987651513362024,0.999997805315611,0.5631627659270088,1.2866298124092896,0.5371164138122303,1.654344841364019e-05,12.0,0.3404153654878613,2.0,128.0,46.0,500.0
0.8,classical_transformer_mle,AR Transformer (MLE),0.009660440136592705,0.8243575583225775,11959.0,1999.2106649522805,0.33478039596783454,0.7766346268402158,0.5244323225495722,2.3398971727165447,0.5408483666305248,1.7744941529614742e-05,12.0,0.3404153654878613,2.0,128.0,46.0,500.0
0.8,classical_maxent_parity,"MaxEnt parity (P,z)",0.03663641096211645,3.1263070687672703,590.0,527.1601240956682,0.9245360874027817,0.999999997513293,0.5681957386074257,1.2191273301160273,0.5352175034867784,1.6061034031389646e-05,12.0,0.3404153654878613,2.0,128.0,46.0,500.0
