beta,model_key,model_label,qH,qH_ratio,Q80,Q80_pred,R_Q1000,R_Q10000,fit_tv_to_pstar,fit_kl_pstar_to_q,fit_js_dist_to_pstar,fit_prob_mse_to_pstar,holdout_size,p_star_holdout,sigma,K,seed,train_m
1.2,iqp_parity_mse,IQP (parity),0.1319869341808337,11.26288505009781,219.0,146.3270214515957,0.9562361294078325,0.9999934118748545,0.6208033558555763,1.4357229056757133,0.5310854941367634,9.67177691571654e-05,12.0,0.6734427318588978,2.0,128.0,46.0,500.0
1.2,iqp_prob_mse,IQP (prob-MSE),0.025968699542866746,2.215995694324629,2367.0,743.712826948791,0.6516247520836179,0.9318683162766014,0.7962713420485329,3.1559772769456353,0.6606342045519787,0.00011086860463962591,12.0,0.6734427318588978,2.0,128.0,46.0,500.0
1.2,classical_nnn_fields_parity,Ising+fields (NN+NNN),0.05833424557613579,4.977855622496921,1034.0,331.0791929931146,0.7947993077453056,0.9929170512533373,0.7398813846044763,2.160905213464706,0.6347133629060385,0.00010100262111508849,12.0,0.6734427318588978,2.0,128.0,46.0,500.0
1.2,classical_dense_fields_xent,Dense Ising+fields (xent),0.04789285681798227,4.086857115134487,453.0,403.25961390462885,0.9593315388347389,0.9999999994103316,0.68540671013904,2.126121744444411,0.6169715566850267,0.00010597116418053949,12.0,0.6734427318588978,2.0,128.0,46.0,500.0
1.2,classical_transformer_mle,AR Transformer (MLE),0.04505425210050212,3.8446295125761805,4175.0,428.66664185496404,0.7065299316670908,0.8466520456872578,0.65585757996094,5.13011860912171,0.623650220564814,0.0001118745046247941,12.0,0.6734427318588978,2.0,128.0,46.0,500.0
1.2,classical_maxent_parity,"MaxEnt parity (P,z)",0.059413223271038845,5.069928385795315,391.0,325.06660783414367,0.9691191137451051,0.9999999999501515,0.6930136035355925,1.9458716894437265,0.6131598070834731,0.0001032231733187278,12.0,0.6734427318588978,2.0,128.0,46.0,500.0
