n,model_key,q_holdout,R_Q10000,seed
12,d3pm_standard,0.0013333333333333333,0.3772235227653988,101
