beta,model_key,model_label,qH,qH_ratio,Q80,Q80_pred,R_Q1000,R_Q10000,fit_tv_to_pstar,fit_kl_pstar_to_q,fit_js_dist_to_pstar,fit_prob_mse_to_pstar,holdout_size,p_star_holdout,sigma,K,seed,train_m
1.0,iqp_parity_mse,IQP (parity),0.11447791947085223,9.768782461512723,444.0,168.70724973409952,0.8844770528089403,0.9851945053648761,0.5052509121528092,0.9818552307529945,0.44849821361240805,3.93962807049169e-05,12.0,0.4603158035741957,2.0,128.0,46.0,500.0
1.0,iqp_prob_mse,IQP (prob-MSE),0.025836914049969153,2.204749998930701,2085.0,747.5062583657224,0.673300642838695,0.9522746731135641,0.7011641063166998,2.3352517688644037,0.5907356178939264,4.9986972127725844e-05,12.0,0.4603158035741957,2.0,128.0,46.0,500.0
1.0,classical_nnn_fields_parity,Ising+fields (NN+NNN),0.06300991679870638,5.376846233489611,500.0,306.51135456832907,0.9150722261385033,0.9999961927034137,0.6313062835305359,1.3679182844892903,0.565166812921145,4.282620339486998e-05,12.0,0.4603158035741957,2.0,128.0,46.0,500.0
1.0,classical_dense_fields_xent,Dense Ising+fields (xent),0.04497940457961917,3.838242524127503,480.0,429.3799602220684,0.952148450570493,0.999999998844193,0.5931076689865573,1.4996669484305054,0.5615279315080948,4.556434801541821e-05,12.0,0.4603158035741957,2.0,128.0,46.0,500.0
1.0,classical_transformer_mle,AR Transformer (MLE),0.022383756527407674,1.9100805570054549,9418.0,862.82456323009,0.559845054256877,0.8028934862480436,0.5383603410096836,3.6956380670772315,0.56854931442016,4.906752893964949e-05,12.0,0.4603158035741957,2.0,128.0,46.0,500.0
1.0,classical_maxent_parity,"MaxEnt parity (P,z)",0.049632835157476185,4.235335266771301,485.0,389.1225413162813,0.936918274221214,0.9999989682519557,0.6033884492150658,1.3964814808264678,0.5590801570300767,4.402924774364484e-05,12.0,0.4603158035741957,2.0,128.0,46.0,500.0
