beta,model_key,model_label,qH,qH_ratio,Q80,Q80_pred,R_Q1000,R_Q10000,fit_tv_to_pstar,fit_kl_pstar_to_q,fit_js_dist_to_pstar,fit_prob_mse_to_pstar,holdout_size,p_star_holdout,sigma,K,seed,train_m
1.2,iqp_parity_mse,IQP (parity),0.1293053283825882,11.034054688647528,431.0,149.361632585358,0.9124305388714168,0.9989679597383211,0.5813293653598426,1.3337515671218427,0.5128042713234927,9.303708848380612e-05,12.0,0.6178216599020487,2.0,128.0,46.0,500.0
1.2,iqp_prob_mse,IQP (prob-MSE),0.02597602786180452,2.216621044207319,2538.0,743.5030117752399,0.6551556588546973,0.9350151600840042,0.7930920210210265,3.133809992697993,0.6587097103043322,0.00011076139173226955,12.0,0.6178216599020487,2.0,128.0,46.0,500.0
1.2,classical_nnn_fields_parity,Ising+fields (NN+NNN),0.06549152480491047,5.588610116685693,592.0,294.897011586469,0.8973234966465312,0.9999447773740314,0.6899319447813836,1.6590716204538658,0.6007312604667896,9.561878522168407e-05,12.0,0.6178216599020487,2.0,128.0,46.0,500.0
1.2,classical_dense_fields_xent,Dense Ising+fields (xent),0.047965189436731864,4.093029498601119,472.0,402.65148904882807,0.949627952588497,0.999999987702966,0.6498513635386054,1.9273471708249876,0.6018723959180152,0.00010436941296210709,12.0,0.6178216599020487,2.0,128.0,46.0,500.0
1.2,classical_transformer_mle,AR Transformer (MLE),0.022378452714457923,1.9096279649670762,18827.0,863.0290572650538,0.49327076826175337,0.7638542013457573,0.6342832842712129,5.734055096283759,0.5874383736490973,0.00011350308137471973,12.0,0.6178216599020487,2.0,128.0,46.0,500.0
1.2,classical_maxent_parity,"MaxEnt parity (P,z)",0.05607941974116598,4.785443817912831,480.0,344.3911338303667,0.9294300736056916,0.9999986186252915,0.6619366733683998,1.7446700591996294,0.5965539604697541,0.00010126969862157995,12.0,0.6178216599020487,2.0,128.0,46.0,500.0
