n,model_key,q_holdout,R_Q10000,seed
12,transformer_strong_ar,0.03711829619486249,0.9398480464664724,101
